1968,1969,1970,1971,1973,1974,1975,1976,1977,1978,1979,1980,1981,1982,1983,1984,1985,1986,1987,1988,1989,1990,1991,1992,1993,1994,1995,1997,1998,1999,2000,2001,2002,2003,2004,2005,2006,2007,2008,2009,2010,2011,2012,2013,2014,2015
curve,animation,unit,chain,game,johnson,conditions,gasp,energy,corporate,energy,components,discussion,discussion,unit,analytic,measurement,group,animation,johnson,components,electronic,animation,conference,animation,floor,electronic,softwarea,hla,chain,chain,chain,chain,chain,chain,chain,chain,chain,chain,agentbased,agentbased,energy,agentbased,agentbased,agentbased,agentbased
reverse,graphical,complete,accreditation,generalized,frequency,minicomputer,national,computerized,electric,agentbased,generators,slam,slam,complete,graphics,roles,package,specific,frequency,generators,organ,graphical,winter,practices,animation,organ,success,implementations,rti,accreditation,session,current,agentbased,operating,agentbased,pathway,agentbased,agentbased,chain,chain,agentbased,social,social,energy,chain
city,display,gpssnorden,webbased,unit,boundaries,abnormal,administration,crop,areas,buildings,knowledgebased,bus,bus,gpssnorden,physical,base,implementations,domain,boundaries,knowledgebased,transplantation,display,art,telephone,finite,transplantation,atm,chain,webbased,webbased,jwars,status,airline,predicting,enterprise,biochemical,security,pandemic,ambulance,patient,buildings,mission,informatics,chain,social
cyberail,graphics,security,national,expanded,expanding,alternatives,aeronautics,game,basin,chain,busy,gasp,gasp,security,mainframes,standardized,perspective,expert,expanding,busy,specifying,graphics,fathers,crucial,hanford,specifying,discussion,airline,move,national,enterprise,factories,simair,caliber,hightech,biology,special,public,social,social,chain,ambulance,crisis,analytics,energy
departments,unity,alternatives,enterprise,apl,forum,cerebellar,display,gasp,river,public,cache,waste,waste,alternatives,micros,extended,examples,frequency,forum,cache,atm,unity,founding,forum,discussion,atm,memory,avoiding,collaboration,enterprise,academics,hla,commercial,waiting,decisionsupport,copasi,school,influenza,impacts,pandemic,public,chain,aftermath,cloud,departments
features,combinatorial,animation,physical,arpege,simulationanimation,cobol,flight,inputoutput,alternatives,social,discussion,architectures,architectures,animation,forum,multiprocessor,graphical,graphical,simulationanimation,discussion,constructive,combinatorial,tests,interference,focused,constructive,selfsimilar,blues,enterprise,physical,appropriate,used,offtheshelf,lethality,humans,refinery,passenger,discussion,market,preliminary,social,picking,older,surgery,stroke
generalized,current,asr,cadaveric,asset,ada,computers,goddard,midwest,base,resources,engineers,steady,steady,asr,limitations,tess,resqme,alternatives,ada,engineers,fail,current,cargo,comparisons,preliminary,fail,accreditation,conveyor,testingapplication,cadaveric,commander,webbased,automata,renal,security,agentbased,anniversary,patient,energy,sustainable,resources,grand,patient,electric,cloud
marketing,domain,load,kidneys,commodity,animation,cotton,gsfc,water,york,utility,experience,back,back,load,prospects,knowledgebased,analytic,feedback,animation,experience,knowledgebased,domain,generators,databases,plans,knowledgebased,consensus,enterprise,testingdesigning,kidneys,labor,asap,automobile,transplant,commercial,dddas,fortieth,core,pandemic,flight,utility,sustainable,home,impacts,water
note,existing,radar,agentbased,crisis,domain,exotic,macds,alternatives,action,environmental,johnson,looking,looking,radar,representations,local,credibility,local,domain,johnson,animation,existing,graphical,generalized,knowledgebased,animation,csimbased,experience,costing,agentbased,postal,floor,tasks,dose,petrobras,cots,landmark,end,public,mser,environmental,demands,surgical,structured,farm
police,generators,schedules,changes,multiphasic,easytouse,eye,monitor,criminal,authority,cloud,limits,low,low,schedules,session,pharmacokinetic,extended,newspaper,easytouse,limits,augment,generators,practices,probationparole,bother,augment,makes,seams,directions,changes,teach,prototyping,enterprise,annealing,cots,tank,papers,aerospace,testbed,containing,cloud,green,impacts,extended,features
simula,physical,shipping,liver,ngpss,expert,florida,mpss,determination,computersimulation,forecast,olympus,baltimore,baltimore,shipping,type,processor,microeconomic,normal,expert,olympus,card,physical,scouting,simancinema,element,card,modern,sector,disussion,liver,various,blocks,freight,cannon,physical,contaminant,analytics,social,cardiovascular,portfolio,forecast,market,analytics,fever,finished
technical,various,airlift,states,pollution,packages,formula,multipurpose,extension,crop,patients,perspective,city,city,airlift,microcomputers,pyramid,pascal,arma,packages,perspective,cellular,various,theater,worksystem,barriers,cellular,parasol,travelers,drive,states,ways,metrology,quantum,now,expert,generator,departments,discipline,determination,game,patients,cloud,energy,crane,mobility
users,aided,conventional,curriculum,surgery,really,grs,nasa,indiana,documentation,methodological,animating,congested,congested,conventional,tess,decomposition,tess,fms,really,animating,class,aided,weed,adding,environmental,class,professionalthe,vhdlams,experiences,curriculum,webbased,ordertodelivery,barge,spain,competition,tracking,evacuations,growth,diversion,contracts,methodological,communityassociated,oral,aedes,understanding
york,airlift,dispatch,directions,york,airline,heliothis,switching,justice,energy,metrology,defense,conveyor,conveyor,dispatch,simulationanalytic,graphics,variate,implementations,airline,defense,himass,airlift,animation,aeromedical,appraisal,himass,stories,communicating,interfacing,directions,clinics,teach,cots,coordination,steelmaking,wildland,points,inspection,influenza,seismic,metrology,crane,characteristics,aegypti,used
association,budgeting,district,understanding,assignment,airspace,insects,apt,primary,experience,properties,expert,mine,mine,district,storageretrieval,interconnection,board,isolated,airspace,expert,maxx,budgeting,carrier,aggressiveness,multiprocessors,maxx,testbed,components,javabased,understanding,graphical,aaav,dispensing,strike,hazards,pathways,schedules,plc,lab,increase,properties,mathematical,dyana,dengue,indian
capabilities,capital,finite,waste,budgeting,electronic,invasion,drying,alaska,generations,components,mission,nuclear,nuclear,finite,basis,navigation,cellular,macro,electronic,mission,multimedia,capital,celebrating,alsp,clock,multimedia,workshop,corsim,special,waste,poor,amphibious,aided,patient,domain,security,weather,sustaining,ant,ship,components,mrsa,adults,individual,nonstationary
conversational,cars,graphics,across,capital,gasp,kinetics,environmental,catches,insect,dynamical,processor,operating,operating,graphics,cargo,siman,circuit,marginally,gasp,processor,sharks,cars,directions,battle,consultants,sharks,dialogue,databases,station,across,serving,anywhere,bay,airspace,mission,ontologies,conditions,unit,departments,cargo,dynamical,rehearsal,print,labor,offshore
energy,comet,mental,airline,corporate,group,melaleuca,grain,conomic,interpersonal,officer,prototyping,package,package,mental,comparisons,ambulatory,comparisons,package,group,prototyping,agv,comet,initialcondition,callbycall,maspaws,agv,disciplines,environmental,testinga,airline,shipyard,assault,beginners,educating,expressway,packages,cspi,vitality,electricity,tech,officer,departments,green,water,regional
extended,comparisons,national,boundaries,delegation,marketing,movements,heating,crab,jersey,transit,resqme,preparing,preparing,national,directions,archiving,crops,processor,marketing,resqme,automating,comparisons,progress,dependability,spill,automating,finite,increased,changing,boundaries,agentbased,capital,benchmarking,nuclear,cellular,silico,mathematical,detailed,conditions,ambulance,transit,frameworks,standardized,domain,automating
fortran,crankcase,office,cells,dental,perspective,populations,networking,denial,logical,speeding,annealing,qgert,qgert,office,ethernet,block,entity,siman,perspective,annealing,capabilities,crankcase,pseudorandom,essential,fault,capabilities,learn,javabased,determination,cells,jmh,cellbased,biscay,catastrophic,ship,cycletime,ontologies,mathematical,duopoly,influenza,speeding,game,hospitals,surveillance,gamebased
grazing,customized,packages,conceptions,extended,scheme,quinquenervia,solar,fluctuations,manmachine,surrogate,architectures,tagging,tagging,packages,eye,coding,establishing,smalltalk,scheme,architectures,consultants,customized,softwaremodelware,experience,tank,consultants,others,mission,disposal,conceptions,mission,controllers,books,senseandrespond,refinery,earth,pandemic,automating,goals,short,surrogate,metaheuristics,electric,neonatal,security
inprocess,explanation,past,crew,gert,school,river,systematic,flush,meaning,mine,assisted,transaction,transaction,past,insight,considerations,experiences,station,school,assisted,electronics,explanation,twentyfive,external,vlsi,electronics,simjava,physical,esca,crew,rooms,electronic,chi,testbed,spaceport,incremental,portfolio,broadening,inaccurate,nskart,mine,tasks,women,devices,waiting
loading,fms,practitioners,discussion,jobshop,abstraction,south,assignment,generalized,petroleum,passenger,class,undergraduates,undergraduates,practitioners,justification,continuousdiscrete,hawaii,used,abstraction,class,experiences,fms,archiving,failures,xpetri,experiences,theexperiences,rental,hla,discussion,selected,exhibiting,classics,martin,default,orbit,alternatives,determination,regional,methodologies,passenger,benchmarking,multispecialty,biased,brazil
major,ignited,steady,dod,labor,amp,species,base,king,pge,surgical,compressed,ada,ada,steady,need,csmacd,ibm,assisted,amp,compressed,form,ignited,cardbased,graphical,usmed,form,backward,webbased,legacy,dod,turns,hardware,color,efficacy,addressing,barriers,breakdowns,experience,transit,divide,surgical,machines,mechanized,freight,details
manpower,instructions,substitution,group,limited,analytic,tree,circuit,motor,portland,various,connectionist,asset,asset,substitution,package,faas,iconic,covariance,analytic,connectionist,generators,instructions,chemicals,hold,broiler,generators,consultants,abstraction,munition,group,burnin,interbay,conference,infantry,capital,enabled,businesses,hla,accounting,akershus,various,modelica,dessd,patient,emssimemergency
minuteman,mail,technological,javabased,maflos,assistant,basis,converting,nuclear,reserve,arriving,contractor,base,base,technological,processor,file,intersections,dependencies,assistant,contractor,graphical,mail,define,minimum,broadening,graphical,environmentsa,aerial,pass,javabased,cots,load,electric,plane,resources,kinetic,classification,mexican,cryoconservation,stairs,arriving,renewable,microblogging,public,grain
modifications,mathematical,views,libraries,police,battle,bunching,csmp,recycling,spred,cellular,corporate,capabilities,capabilities,views,qsim,flight,isolated,dla,battle,corporate,linkage,mathematical,depot,multinomial,ware,linkage,forum,asian,proactive,libraries,curriculum,long,epochs,medium,funds,nonuniform,core,monitoring,decisionsupport,contamination,cellular,assisted,gapdrg,technical,green
norden,necessary,active,machines,utility,clock,buses,displaying,sohio,synergistic,defense,discontinuous,filter,filter,active,satisfaction,flowshop,knowledgebased,entire,clock,discontinuous,logical,necessary,filter,nonaggressive,forum,logical,paratroopervortex,backend,thinclientserverwebenabled,machines,estimates,pitfalls,finite,methodological,controlled,symbolic,egress,operating,full,security,defense,edasim,epistemology,ugv,influenza
package,scavenged,baggage,mission,version,cooling,caveats,enable,station,upon,green,estimates,ground,ground,baggage,aged,gist,lans,estimates,cooling,estimates,need,scavenged,highway,nonregenerative,insight,need,sortation,capital,treatment,mission,five,portfolio,indexlevel,normal,spacecraft,cellular,enterprise,package,james,brazilian,green,energy,carbon,social,movement
petroleum,solpass,canal,neutral,adjustment,ewgems,circuit,fortran,upon,acid,living,installation,openpit,openpit,canal,animated,graphic,miniload,exercise,ewgems,installation,reengineering,solpass,hub,package,activitybased,reengineering,storiesmanufacturing,cells,boehm,neutral,frontend,possible,nist,agentbased,experiences,farm,mass,randomized,radioidentification,art,living,firms,resources,dddamsbased,national