"chair.name","chair.affiliation","chair.id"
NA,"NA","NA"
"Halim Damerdji","North Carolina State University","557"
" Michael Fu","University of Maryland","8"
"K. Preston White, Jr.","University of Virginia","812"
"Russell Cheng","University of Kent at Canterbury","1269"
"Michael Taaffe","University of Minnesota","1020"
"Denise Masi","George Mason Univeristy","358"
"Sheldon Jacobson","Virginia Tech","1333"
"Edward Watson","Louisiana State University","409"
"Bill Moll","Coopers & Lybrand","141"
"Eric Seeyave","AutoSimulations, Inc.","453"
"Michael Zeimer","Schneider Logistics, Inc.","1022"
"Grace Lin","IBM Research","535"
"Daniel Brunner","Systemflow Simulations","269"
"John Carson","AutoSimulations, Inc.","742"
"Onur Ulgen","Production Modeling Corporation","1092"
"Ann Dunkin","Hewlett Packard","89"
"Joan Donohue","University of South Carolina","731"
"Steve Park","College of William and Mary","1399"
"John Steffey","TRAC LEE","759"
"Eric Yang","Delta Airlines, Inc.","457"
"Lawrence Leemis","College of William & Mary","874"
"D. J. Joshi","Motorola","261"
"Timothy Miller","Systemflow Simulations","1473"
"Tom Jefferson","Intel Corporation","1487"
"Phillip Farrington","University of Alabama in Huntsville","1154"
"Brad Armstrong","ABB Power T&D","152"
"David Bartholic","ABB Power T&D","297"
"K. Heinz Weigl","Technical University of Vienna","810"
"Darrell Starks","Integral Solutions","284"
"Barbara Hurley","ABB ETI","129"
"Jaime Trevino","ABB","633"
"Dean Hartley III","Oak Ridge National Labs","340"
"Curtis Blais","VisiCom Laboratories, Inc.","259"
"Alex Sisti","Rome Laboratory/IRAE","40"
"Ernest Page","The MITRE Corporation","462"
"H. Szczerbicka","University of Ulm","555"
"Philip Barry","The MITRE Corporation","1148"
"Manuel Rossetti","University of Virginia","932"
"Steven Farr","Rome Laboratory/IRAE","1407"
"J. D. Arthur","Virginia Tech","621"
"Robert Moose","The MITRE Corporation","1237"
"Neale Hirsh","Bell Atlantic","1068"
"Catherine Barnes","Micro Analysis and Design, Inc.","190"
"Dave Sly","Cimtechnologies Corporation","295"
"Gene Paulo","University of Central Florida","514"
"Jerry Evans","University of Louisville","715"
"Linda Malone","University of Central Florida","894"
"Ralph Rogers","University of Central Florida","1186"
"Shane Henderson","University of Michigan","1326"
"Dan Ockerman","Retek Information Systems, Inc.","268"
"Wayne Davis","University of Illinois","1516"
"Mehdi Hoseyni-Nasab","University of Wisconsin-Madison","992"
"Andrew F. Seila","University of Georgia","78"
"Yasser A. Hosni","University of Central Florida","1550"
"Jin Wang","Valdosta State University","727"
"J. Ben Fuqua","Systems Modeling Corporation","620"
"Jerry Banks","Georgia Institute of Technology","711"
"Yun Lee","Bell Labs Design Automation","1569"
"Ross Gagliano","Georgia State University","1260"
"Carroll Day","F&H Simulations","185"
"Chester Harris","Ohio State University","221"
"Suraj Alexander","University of Louisville","1426"
"William E. Biles","University of Louisville","1528"
"Susan M. Sanchez","University of Missouri at St. Louis","1428"
"Jorge Haddock","Rensselaer Polytechnic Institute","770"
"Gerald W. Evans","University of Louisville","523"
"Edward J. Williams","Ford Motor Company","408"
"Adel Elmaghraby","University of Louisville","20"
"Darrell E. Starks","Integral Solutions","283"
"Ralph Rogers","Old Dominion University","1185"
"Neal M. Bengtson","Barton College","1067"
"Edward F. Mykytka","University of Dayton","407"
"Felisa J. VÃ¡zquez-Abad","UniversitÃ©de MontrÃ©al","487"
"Michael R. Taaffe","University of Minnesota","1015"
"Joan M. Donohue","University of South Carolina","732"
"Kenneth W. Bauer","Air Force Institute of Technology","835"
"Natalie M. Steiger","North Carolina State University","1058"
"Michael Fu","University of Maryland","1005"
"Peter Lorenz","University of Magdeburg","1143"
"Edgar Chilviet","Systemflow Simulations, Inc.","405"
"Thomas Schulze","University of Magdeburg","1465"
"Eberhard Bluemel","Fraunhofer Institute","397"
"Henry Herper","University of Magdeburg","583"
"John A. Miller","University of Georgia","740"
"Michael Pidd","University of Lancaster","1014"
"Fernando J. Barros","Universidade de Coimbre","493"
"Hank Grant","University of Oklahoma","560"
"Rajive L. Bagrodia","University of California","1181"
"Linda F. Wilson","Dartmouth College","893"
"Wayne J. Davis","University of Illinois at Urbana-Champaign","1517"
"Ingolf Stahl","Stockholm School of Economics","613"
"Frode B. Nilsen","University of Oslo","502"
"Pierre L'Ecuyer","UniversitÃ© de MontrÃ©al","1159"
"Charles H. Reilly","University of Central Florida","203"
NA,"Paul Sanchez","1053"
"Stephen E. Chick","University of Michigan","1383"
"James Calvin","New Jersey Institute of Technology","639"
"Russell C. H. Cheng","University of Kent at Canterbury","1268"
"Enver Yucesan","INSEAD","446"
"James R. Wilson","North Carolina State University","647"
"Ronald J. Roland","Roland and Associates","1258"
"Yun Bae Kim","Sung Kyun Kwan University","1568"
NA," Jack Kloeber","1051"
"Ronald J. Roland","Rolands and Associates","1259"
"Dean Hartley","Center for Modeling, Simulation and Gaming","339"
"Joyce Woodward","Naval Sea Systems Command","787"
"John Tufarolo","The MITRE Corporation","763"
"Al Farrari","Logicon RDA","33"
"Lt. Col. John O. Miller","Air Force Institute of Technology","909"
"Randy Combs","General Motors Corporation","1187"
"Brad Armstrong","ABB ETI","151"
"Thomas Jefferson","Intel Corporation","1460"
"Steven Brown","Siemens AG","1406"
"Rick Stafford","AutoSimulations, Inc.","1225"
"Jeffrey Miller","General Motors Corporation","694"
"John Shore","Production Modeling Corporation","756"
"Joseph Brill","Systemflow Simulations, Inc.","778"
"David Graehl","Ann Arbor Computer","311"
"Mark Brazier","CSX Transportation","947"
"Joseph Springer","Parsons Transportation Group","783"
"Daniel Brunner","Systemflow Simulations, Inc.","270"
"Tony Atala","PB Transit & Rail Systems, Inc.","1494"
"Ann Dunkin","Hewlett-Packard Company","90"
"Beth Kulick","Automation Associates, Inc.","136"
"Clint Miller","Arthur D. Little, Inc.","251"
"Daniel W. Halpin","Purdue University","281"
"Simaan AbouRizk","University of Alberta","1349"
"Photios G. Ioannou","University of Michigan","1156"
"Mark Grabau","Andersen Consulting","951"
" Jane Snowdon","IBM T.J. Watson Research Center","4"
"Tom Hayson","Systems Modeling Corporation","1486"
"Lou Keller","PROMODEL Corporation","908"
" Steve Denney","VHA","10"
" Michael D. Proctor","University of Central Florida","7"
"Christos Alexopolous","Georgia Institute of Technology","238"
"Phillip A. Farrington","University of Alabama","1152"
"Neal Bengtson","Barton College","1066"
"Fernando Gonzalez","University of Central Florida","492"
"Manuel D. Rossetti","University of Virginia","930"
"Jeffrey Joines","North Carolina State University","692"
"Dhananjay S. Joshi","Motorola, Inc.","366"
" Charles White","DuPont","2"
" Paul A. Fishwick","University of Florida","9"
"Donald Hicks","ProModel Corporation","374"
"Stephen D. Roberts","North Carolina State University","1382"
"Mike Thompson","AutoSimulations, Inc.","1034"
"Deborah Cook","Virginia Polytechnic Institute and State University","345"
"Thanos Avramidis","Cornell University","1452"
"Daniel Villareal","Decisiones Inteligentes, SA CV","280"
"Marelys Garcia","Lockwood Greene","940"
"John Fowler","Arizona State University","748"
"Michael E. Kuhl","Louisiana State University","997"
"Chris Zobel","Virginia Polytechnic Institute and State University","226"
"Martin Steele","University of Central Florida","971"
"Farhad Azadivar","Kansas State University","482"
"Charles Reilly","University of Central Florida","214"
"Heinz Weigl","ELSA","572"
"Henrik Hedlund","University of Central Florida","582"
"Edward Yellig","Intel Corporation","418"
"Eyitope St. Metthew-Daniel","University of Central Florida","480"
"David Ferrin","Andersen Consulting","304"
"Jack Levis","United Parcel Service","630"
"A. Yonca Demir","General Electric","11"
"Eric Miller","TransSolutions Corporation","452"
"Steven Brown","Infineon Technologies","1405"
"Tony Dean","Motorola, Inc.","1495"
"Larry Owen","ITT Systems Corporation","864"
"Mani Janakiram","Intel Corporation","924"
"Marcella M. Madsen","Sandia National Laboratories","934"
"Felisa Vázquez-Abad","Université de Montréal","488"
"Laurel Travis","Metropolitan State University","871"
"David Kelton","University of Cincinnati","314"
"Lisa Schaefer","Arizona State University","901"
"Leyuan Shi","University of Wisconsin – Madison","889"
"Lei Rao","ITT Systems Corporation","878"
"Ian Rawles","Lanner Group, Inc.","606"
"Stephen Chick","University of Michigan","1380"
"John Charnes","University of Kansas","745"
"Russell Cheng","University of Southampton","1270"
"C. H. Chen","University of Pennsylvania","175"
"Perwez Shahabuddin","Columbia University","1133"
"Marvin Nakayama","New Jersey Institute of Technology","973"
"Douglas Morrice","The University of Texas at Austin","381"
"Sheldon Jacobson","University of Illinois at Urbana–Champaign","1332"
"Charles R. Standridge","Grand Valley State University","213"
"Simon J. E. Taylor","Brunel University","1352"
"Lars Randell","Lund University","869"
"Susumu Morito","Waseda University","1433"
"Barry L. Nelson","Northwestern University","130"
"Pierre L'Ecuyer","Université de Montréal","1160"
"Mansooreh Mollaghasemi","University of Central Florida","928"
"Raymond R. Hill","Air Force Institute of Technology","1199"
"Charles Harrell","PROMODEL Corporation","204"
"Matt Rohrer","AutoSimulations, Inc.","985"
"Dean Orlando","The Lanner Group","341"
"Onur M. Ülgen","Production Modeling Corporation and the University of Michigan–Dearborn","1090"
"J. P. Rasaiah","Applied Manufacturing Technologies, Inc.","625"
"Mark Krankel","Deneb Robotics, Inc.","952"
"Ron Laughery","Micro Analysis and Design, Inc.","1257"
"Deidra L. Donald","Deneb Robotics, Inc.","350"
" John Fowler","Arizona State University","5"
"Voratas Kachitvichyanukul","Asian Institute of Technology","1514"
"Navdeep Grewal","Seagate Technology","1062"
"J. Martinez","Virginia Polytechnic Institute and State University","623"
"S. AbouRizk","University of Alberta","1275"
"Anil Sawhney","Arizona State University","88"
"D. W. Halpin","Purdue University","262"
"P. G. Ioannou","University of Michigan","1098"
"Jeffrey M. Opper","MITRE Corporation","693"
"Ernest H. Page","MITRE Corporation","460"
"David Bruce","DERA","298"
"Curt Blais","VisiCom","258"
"John Tufarolo","MITRE Corporation","761"
"Richard Weatherly","MITRE Corporation","1223"
"Mike Frost","CORDA, Ltd.","1028"
"Roger Smith","STAC, Inc.","1252"
"James Calpin","MITRE Corporation","637"
"Roger Baugher","Norfolk Southern Railroad","1250"
"Gary Cross","IBM Corporation","509"
"Jon S. Helmick","U.S. Merchant Marine Academy","766"
"Robert Kyle","Llama-Soft","1235"
"Mani Manivannan","Emery Worldwide Airlines","926"
"Jack Levis","UPS","631"
"Gregory L. Schlegel","IBM Corporation","539"
"Steve Buckley","IBM T. J. Watson Research Center","1395"
"Randy Gibson","Automation Associates, Inc.","1189"
"David Withers","Dell Computer Company","334"
"K. Preston White","University of Virginia","811"
"Roland Mielke","Old Dominion University","1255"
"Lee Belfore","Old Dominion University","875"
"Adriana M. Alvarez","Florida International University","29"
"Julie C. Lowery","VA Center for Practice Management and Outcomes Research","794"
"Gabriela Penaloza","Florida International University","506"
"Arnold H. Buss","Naval Postgraduate School","106"
"Michael Sly","Logistics Management Institute","1018"
"Khaled Mabrouk","The Model Builders","841"
"David Ward","Rolands and Associates Corporation","333"
"Rochelle N. Price","PROMODEL Corporation","1247"
"Jeffrey S. Smith","Auburn University","695"
"Paul Fishwick","University of Florida","1113"
"Christos Alexopoulos","Georgia Institute of Technology","239"
"Gamze Tokol","Earley Corp.","507"
"Amy Pritchett","Georgia Institute of Technology","60"
"Grant Cates","NASA KSC","536"
"Reinaldo Moraga","NASA KSC","1204"
"Scott Mason","University of Arkansas","1309"
"Paul Hyden","Cornell University","1117"
"S. Narayanan","Wright State University","1276"
"Terrence Perera","Sheffield Hallam University","1448"
"Ghaith Rabadi","University of Central Florida","529"
"Harriet Black Nembhard","University of Wisconsin","567"
"Simon Taylor","Brunel University, U.K.","1354"
"Deborah Medeiros","Penn State University","347"
"Jose Sepulveda","University of Central Florida","776"
"Mani Mannivannan","Emery Worldwide Airlines","927"
"Connie Nott","Central Washington University","254"
"Maria Alvarez","University of Central Florida","942"
"Steven Grimes","University of Central Florida","1409"
"Linda Trocine","University of Central Florida","895"
"Manuel Rossetti","University of Arkansas","931"
"William Thompson","University of Central Florida","1535"
"Mahdi Nasereddin","University of Central Florida","918"
"Heinz Weigl","ESLA","573"
"Michael Johnson","University of Central Florida","1009"
"Arnold Buss","Naval Postgraduate School","102"
"Alex Sisti","Air Force Research Labs","39"
"James Calpin","The MITRE Corporation","638"
"Ernest H. Page","The MITRE Corporation","461"
"Marcella Madsen","Sandia National Laboratories","935"
"Jayne Talbot","The MITRE Corporation","677"
"Roger Smith","ModelBenders","1251"
"Stephen Turner","Nanyang Technologies University","1392"
"David Humphrey","Nortel Networks","312"
"Daniel Ockerman","Manhattan Associates","278"
"Paul Sanchez","Naval Postgraduate School","1124"
"Bruce Schmeiser","Purdue University","169"
"Saralees Nadarajah","University of California Santa Barbara","1303"
"Justin Boesel","The MITRE Corporation","808"
"Leyuan Shi","University of Wisconsin","888"
"Seong-Hee Kim","Northwestern University","1322"
"Ted Allen","Ohio State University","1447"
"William F. Ormsby","Naval Surface Warfare Center Dahlgren Division","1529"
"Axel Lehmann","University of the German Federal Armed Forces","120"
"Debra Ridgeway","Army Model and Simulation Office","349"
"James D. Arthur","Virginia Tech","640"
"Robert G. Sargent","Syracuse University","1232"
"William S. Murphy Jr,","Defense Information Systems Agency","1533"
"Terry M. Helm","Los Alamos National Laboratory","1450"
"James Taylor","Naval Postgraduate School","648"
"Ugur Ziya Yildirim","K.H.O)","1505"
"Michael Frost","CORDA, Ltd.","1002"
"Sally Shoop","U.S. Army Cold Regions Laboratory","1284"
"Wayne J. Davis","University of Illinois, Urbana-Champaign","1518"
"Joseph S. Stewart II","The MITRE Corporation","782"
"Dean Hartley","Center for Modeling and Simulation","338"
"Jeffery D. Tew","General Motors","687"
"Michael Zeimmer","Schneider Logistics, Inc.","1023"
"Mark Brazier","Delta Airlines","948"
"Randy Gibson","Automation Associates","1188"
"John S. Carson","AutoSimulations, Inc.","755"
"Herald Krueger","Canadian National Railway","585"
"Joshi Dhananjay","Motorola","785"
"Enrique Kortright","CACI","445"
"Farhad Azadivar","University Of Massachusetts","484"
"Young Hae Lee","Hanyang University","1557"
"Susumu Fujii","Kobe University, Japan","1432"
"Gerald T. Mackulak","Arizona State University","522"
"Edward Williams","Ford Motor Company","411"
"Demet Wood","General Motors","355"
"Jean-Pierre Rasaiah","Applied Manufacturing Technolgies","681"
"Onur Ulgen","Production Modeling Corp.","1091"
"Khaled Mabrouk","The Model Builders, Inc.","842"
"Frank Chance","FabTime","497"
"Juergen Potoradi","Infineon Technologies","790"
"Theron Colvin","IM & AGE Factory Services","1458"
"David Sturrock","Rockwell Software","329"
"Charles McClean","National Institute of Standard and Technology","207"
"Jerry Banks","AutoSimulations, Inc.","710"
"Richard E. Nance","Virginia Tech","1215"
"Thomas Wiedemann","Technical University of Berlin","1466"
"Young Jun Son","University of Arizona","1560"
"Diego Terzano","Florida International University","367"
"Helena Szczerbicka","University of Hanover, Germany","579"
"Milind Datar","Concert, an AT&T and BT Global Venture","1035"
"Preston White","University of Virginia","1167"
"Seomon Takakuwa","Nagoya University","1319"
"Donald Dudenhoeffer","Idaho National Engineering and Environment Lab","372"
"Boleslaw Szymanski","Rensselar Polytechnic Institute","147"
"Tuncer I. Ã–ren","IT Research Institute","1502"
"Daniel Burroughs","Dartmouth College","271"
"Dhananjai M. Rao","University of Cincinnati","365"
"Philip Barry","Defense Modeling and Simulation Office","1147"
"Doohwan Kim","IBM T.J. Watson Research Center","375"
"Herb Schwetman","Mesquite Software, Inc","586"
"Sherif A. Elfayoumy","University of North Florida","1335"
"Calin Stanciu","McLean Construction Co.","176"
"Bruce Powell","Otis Elevator Co.","166"
"Elizabeth Lopez","Florida International University","425"
"Susan Sanchez","Naval Postgraduate School","1431"
"Christen Maltsberger","Lanner Group","227"
"Knud Erik Wichmann","PricewaterhouseCoopers, Denmark","852"
"Michael Slay","Logistics Management Institute","1017"
"","","1"
"Jane Snowden","IBM","661"
"Leonardo Chwif","Mauá School of Engineering","883"
"Massoud Bazargan","Embry-Riddle Aeronautical University","979"
"John B. Gilmer","Wilkes University","741"
"T. Andrew Yang","Indiana University of Pennsylvania","1439"
"Simon Taylor","Brunel University","1353"
"Denis Gracanin","Virginia Tech","357"
"Alexander Shapiro","Georgia Institute of Technology","42"
"John M. Charnes","The University of Kansas","752"
"Christoph Roser","Toyota Central R&D Laboratories","235"
"Dean C. Chatfield","Virginia Tech","336"
"Amy Jo Naylor","Corning, Inc.","58"
"Gwendolyn H. Walton","University of Central Florida","554"
"Keebom Kang","Naval Postgraduate School","828"
"Enver Yücesan","INSEAD","447"
"Aparna Gupta","Rensselaer Polytechnic University","95"
"Brett Peters","Texas A&M University","158"
"Jeffrey Smith","Auburn University","697"
"Bala Ram","North Carolina A&T State University","126"
"Catherine Harmonosky","Penn State University","191"
"Gabriel A. Wainer","Carleton University","503"
"Daniel Finke","Penn State University","272"
"Terrence Sisira Perera","Sheffield Hallam University","1449"
"Bahar Delar and Barry Nelson","Northwestern University","124"
"Julius Atlason","University of Michigan","802"
"Andrew Seila","University of Georgia","80"
"Shane Henderson","Cornell University","1325"
"Sigurdur Olafsson","Iowa State University","1345"
"Sigrun Andradottir","Georgia Institute of Technology","1343"
"Paul Hyden","Clemson University","1116"
"Michael Freimer","Cornell University","1000"
"Tayfur Altiok","Rutgers University","1446"
"Lee Schruben","University of California Berkeley","876"
"Tom Schriber","University of Michigan","1489"
"Michael Metz","Innovative Management Concepts, Inc.","1011"
"Richard Kilgore","ThreadTec","1220"
"Edward Watson","SAP America","410"
"David Durda","TRAC-WSMR","303"
"Mike Frost","CORDA, Ltd","1027"
"Jim Metzger","JWARS Office","724"
"James Illingworth","TRAC-MTRY","641"
"Eugene Paulo","TRAC-Monterey","475"
"Ernie Page","MITRE","465"
"Raymond Hill","AFIT","1194"
"Chen Zhou","Georgia Institute of Technology","219"
"Jeffrey W. Hermann","University of Maryland","700"
"Young-Jun Son","University of Arizona","1567"
"Farhad Azadivar","University of Massachusetts Dartmouth","485"
"Durk-Jouke van der Zee","University of Groningen","388"
"Amarnath Banerjee","Texas A&M University","51"
"Larry E. Whitman","Wichita State University","861"
"Kevin Gue","Naval Postgraduate School","838"
"Joe Drelling","Northwest Airlines","735"
"Mani Manivannan","Emery Worldwide","925"
"Ed Williams","Ford Motor Company","399"
"Joe Hugan","Forward Vision","736"
"Sanjay Jain","Accenture","1296"
"Steven Brown","Arizona State University","1404"
"Oliver Rose","University of Würzburg","1086"
"DeJong Chad","Intel","351"
"Russell Barton","Penn State University","1265"
"Brad Armstrong","Sigma Breakthrough Technologies, Inc","154"
"David Pendergraft","Accenture","326"
"Stephen D. Patek","University of Virginia","1381"
"David M. Nicol","Dartmouth College","318"
"Tillal Eldabi","Brunel University","1468"
"Francisco Ramis","Universidad del Bio-Bio","496"
"Boonserm Kulvatunyou","Penn State University","150"
"Jerry Banks","Professor Emeritus, Georgia Tech","713"
"Ian McGregor","Brooks Automation","605"
"Justin Boesel","Mitre","807"
"David Sly","EAI","328"
"Julio C. Martinez","Virginia Tech","798"
"Helena Szczerbicka","Universität Hannover","576"
"Hugh Osborne","University of Huddersfield","601"
"Ralph Hilzer","California State University, Chico","1184"
"Agostino G. Bruzzone","University of Genoa","31"
"Jane Snowdon","IBM","662"
"Doug Morrice","University of Texas","376"
"Andy Seila","University of Georgia","83"
"Barry Nelson","Northwestern University","132"
"Chuck Reilly","University of Central Florida","241"
"Russell Barton","The Pennsylvania State University","1267"
"John Carson","Brooks-PRI Automation","743"
"Leonardo Chwif","Simulate","884"
"Tamrat Tewoldeberhan","Delft University of Technology ","1443"
"Donald Gross","George Mason University","373"
"Mike Taaffe","Virginia Polytechnic University","1033"
"Arnie Buss","Naval Postgraduate School","101"
"Soumyadip Ghosh","Cornell University","1363"
"Sam Steckly","Cornell University","1290"
"John Clymer","California State University Fullerton","746"
"David T. Sturrock","Rockwell Software","331"
"Matthew W. Rohrer","Brooks-PRI Automation","990"
"David J. Parsons","Simulation Dynamics","313"
"Wendy Bloechle","Micro Analysis & Design","1523"
"Charles R. Harrell","Brigham Young University","212"
"Averill M. Law","Averill M. Law & Associates","117"
"Doug Shannon","TRW","379"
"Jean O'Reilly","Frontstep, Inc.","678"
"Richard A. Kilgore","OpenSML and ThreadTec, Inc.","1212"
"Pierre L'Ecuyer","University of Montreal","1161"
"William Nordgren","Flexsim Software Products, Inc.","1532"
"Shane G. Henderson","Cornell University","1324"
"Seong-Hee Kim","Georgia Institute of Technology","1320"
"Bahar Biller","Carnegie Mellon University","122"
"Paul F. Reynolds","University of Virginia","1112"
"George W. Zobrist","University of Missouri, Rolla","517"
"Martha Centeno","Florida International University","963"
"Boleslaw K. Szymanski","Rensselaer Polytechnic Institute","146"
"Herb Schwetman","Mesquite Software, Inc.","587"
"Paul A. Fishwick","University of Florida","1107"
"Richard A. Kilgore","ThreadTec","1213"
"Richard Nance","Virginia Tech","1222"
"Philip A. Wilsey","University of Cincinnati","1146"
"Lee Schruben","University of California, Berkeley","877"
"Perakath Benjamin","Knowledge based Systems","1130"
"Hessam S. Sarjoughian","Arizona State University","590"
"Natalie Steiger","University of Maine","1059"
"Rich Kilgore","OpenSML and ThreadTec, Inc.","1211"
"Mark Grabau","Accenture","950"
"James W. Harris","Air Force Studies and Analyses Agency","649"
"William Murphy","IITRI","1531"
"Mike Payne","BAE","1031"
"Raymond Hill","Air Force Institute of Technology","1195"
"Joe Stewart","MITRE","737"
"Eric J. Gottlieb","Orion International Technologies, Inc.","451"
"Deb Medeiros","The Pennsylvania State University","343"
"Todd Lebaron","Brooks Automation","1482"
"Ed Williams","University of Michigan, Dearborn","402"
"Chad DeJong","Intel Corporation","198"
"Marvin Seppanen","Productive Systems","975"
"Cindy Schiess","Design Systems, Inc.","244"
"Sirish Joshi","Perseco","1357"
"Lisa Ann Schaefer","The MITRE Corporation","897"
"Shang-Tae Yee","General Motors R&D","1327"
"Luis Rene Contreras","University of Texas at El Paso","914"
"Jeffrey A. Joines","North Carolina State University","688"
"Brett Marc Duarte","Arizona State University","157"
"Gloria J. Giacaman","Universidad Católica del Norte","532"
"Oliver Rose","University de Wuerzburg","1083"
"Dave Miller","IBM","292"
"Shelly Shrader","Accenture","1334"
"Craig Robertson","Accenture","255"
"Paul Na","Bayerische Landesbank New York Branch","1120"
"Tarja Joro","University of Alberta","1445"
"James Kelly","OptTek Systems, Inc.","642"
"Jay April","OptTek Systems, Inc.","673"
"Stewart Mayhew","University of Georgia","1410"
"Athanassios N. Avramidis","University of Montreal","111"
"Swee Leong","National Institute of Standards and Technology","1436"
"Averill Law","Averill M. Law and Associates, Inc.","115"
"Dave Goldsman","Georgia Institute of Technology","290"
"Jerry Banks","Independent Consultant","712"
"Alexander Verbraeck","Delft University of Technology","43"
"Dan Halpin","Purdue University","267"
"Simaan Abourizk","University of Calgary","1350"
"Iris Tommelein","University of California, Berkeley","616"
"Julio Martinez","Virginia Polytechnic University","800"
"D. Angelides","D. Angelides (Aristotle University of Thessaloniki, Greece","260"
"Matthew Rosenshine","The Pennsylvania State University","989"
"Peter Lendermann","Singapore Institute of Manufacturing Technology","1142"
"Satya Bansal","SAP Americas","1305"
"Juergen Potoradi","Infineon Technologies Malaysia","792"
"Sema Alptekin","California Polytechnic State University","1317"
"Saeid Nahavandi","Deakin University","1279"
"Jean-Baptiste Filippi","University of Corsica","680"
"Don Dudenhoeffer","Idaho National Eng. and Env. Lab.","371"
"Hansoo Kim","Georgia Institute of Technology","563"
"Guixiu Qiao","NIST","547"
"David Ferrin","General Chair","308"
"Elmira Popova","The University of Texas at Austin","429"
"Bahar Biller","Carnegie-Mellon University","123"
"Deb Sadowski","Rockwell Software","344"
"Roberto Szechtman","Naval Postgraduate School","1246"
"Tom Cioppa","US Army TRADOC","1484"
"Averill Law","Law & Associates","116"
"Nilay Argon","University of Wisconsin","1073"
"Gordon Clark","Ohio State University","534"
"Alan Johnson","US Military Academy","35"
"David Munoz","ITAM","322"
"Bruce Shultes","University of Cincinnati","170"
"Jeff Tew","GM Research","686"
"Averill Law","Averill M. Law & Associates, Inc.","114"
"Rochelle Price","ProModel Solutions","1248"
"David Krahl","Imagine That, Inc.","316"
"Matthew Rohrer","Brooks Automation","988"
"Vivek Bapat","Rockwell Software","1511"
"Richard Kilgore","Silk/SML Simulation Services","1218"
"Michael Engiles","CACI, Inc.","999"
"Edward Williams","Production Modeling Corporation","415"
"Andrew Siprelle","Simulation Dynamics","81"
"William Morokoff","Moody's KMV","1530"
"Jeremy Staum","Cornell University","708"
"Paul Na","Bayerische Landesbank New York","1119"
"Athanassios Avramidis","University of Montreal","110"
"Aparna Gupta","Rensselaer Polytechnic Institute","94"
"John Shortle","George Mason University","757"
"E. Jack Chen","BASF","393"
"Bruce Schmeiser","Purdue","168"
"Frederick Wieland","MITRE","500"
"Adelinde Uhrmacher","University of Rostock","23"
"Hans Vangheluwe","McGill University","562"
"Richard Fujimoto","Georgia Institute of Technology","1216"
"Bolesaw Szymanski","Rensselaer Polytechnic Institute","145"
"George Riley","Georgia Institute of Technology","516"
"Wolfgang Müller","PH Ludwigsburg","1540"
"Helena Szczerbicka","University of Hannover","577"
"James Arthur","Virginia Polytechnic Institute and State Univ.","635"
"Richard Nance","Virginia Polytechnic Institute and State Univ.","1221"
"Steffen Strassburger","Daimler Chrysler AG","1370"
"Alexander Verbraeck","Technical University Delft","44"
"Pieter Mosterman","The MathWorks, Inc.","1162"
"Harald Ruess","Stanford Research Institute International","564"
"Raymond Hill","Wright State University","1196"
"Lance Champagne","Air Force Institute of Technology","860"
"Janet Miller","Air Force Research Laboratory","663"
"Jason Offiong","National Defence Headquarters","669"
"J. Miller","Air Force Institute of Technology","624"
"Subhashini Gunapathy","Wright State University","1417"
"Sanjay Jain","Virginia Tech","1299"
"Patrick Delaney","Center for Army Analysis","1105"
"Christopher Hill","U. S. Army, Center for Army Analysis","236"
"Silvanus Enns","University of Calgary","1346"
"Farhad Azadivar","University of Massachusetts","483"
"Robert Lu","Boeing","1236"
"Jason Min","NIST","668"
"Charles McLean","NIST","210"
"Christoph Roser","Toyota","234"
"David Clegg","Sheffield Hallam University","301"
"Luis Rabelo","University of Central Florida","913"
"Steve Buckley","IBM TJ Watson Research Center","1397"
"David Miller","IBM Microelectronics","319"
"Robert Wright","SemaTech","1243"
"Juergen Potoradi","Infineon Technologies AG","791"
"Sam Bansal","International Management Consultant","1286"
"Leon McGinnis","Georgia Tech","881"
"Julio Martinez","Virginia Tech","801"
"S. Abourizk","University of Alberta","1274"
"Knud Erik Wichmann","PA Consulting Group","851"
"Luis Franzese","Paragon Tecnologia","911"
"Michael Hunter","Georgia Institute of Technology","1007"
"Niels Erik Larsen","PA Consulting Group","1071"
"Frederick Wieland","The MITRE Corporation","501"
"Heinz Weigl","ESLA Solutions","574"
"William Biles","University of Louisville","1527"
"Kishore Swaminathan","Accenture","848"
"Cem Baydar","Accenture","197"
"Eleazer Martin","BestSys","422"
"Brad Morrison","Cost Control","155"
"Tom Brady","Purdue University North Central","1483"
"Barbara Bird","Bird Consulting Group, Inc.","128"
"Mike Branson","Oklahoma State University","1025"
"Ingolf Ståhl","Stockholm School of Economics","614"
"Richard Born","Northern Illinois University","1214"
"Ray Paul","Brunel University","1192"
"Russell Barton","Pennsylvania State University","1266"
"James Wilson","North Carolina State University","651"
"Mark Freimer","Pennsylvania State University","949"
"Ingolf Stahl","Helsinki School of Economics","612"
"Sheldon Jacobson","University of Illinois","1331"
"Stephen Chick","INSEAD","1379"
"EnverYucesan","INSEAD","448"
"Loo Hay Lee","National University of Singpore","905"
"Marvin Nakayama","NJIT","974"
"Chun-Hung Chen","George Mason University","243"
"Jennie La","University of Calgary","702"
"Young Lee","IBM","1562"
"Nilay Argon","University of Wisconsin, Madison","1074"
"Bill Biles","University of Louisville","140"
"Gabriel Wainer","Carleton University","504"
"Abdullah Konak","Penn State Berks - Lehigh Valley","14"
"HessamSarjoughian","Arizona State University","592"
"John Miller","University of Georgia","753"
"David Nicol","University of Illinois at Urbana-Champaign","325"
"SimonTaylor","Brunel University","1356"
"Jihong Jin","Wells Fargo","721"
"Esra Aleisa","University of Buffalo","473"
"Eileen Kraemer","University of Georgia","420"
"Paul Reynolds, Jr.","University of Virginia","1122"
"Ming Zhou","Indiana State University","1040"
"Ariel Landau","IBM","99"
"Sigrun Andradottir","Georgia Tech","1344"
"Emily Lada","North Carolina State University","435"
"E.Chen","BASF Corporation","395"
"John Hiles","MOVES Institute","750"
"Andy Hernandez","Naval Postgraduate School","82"
"Aaron Van Alstine","Naval Postgraduate School","12"
"Gary Horne","The MITRE Corporation","512"
"Dave Pendergraft","Accenture","294"
"Gregory McIntyre","Applied Research Associates","540"
"Subhashini Ganapathy","Wright State University","1416"
"Joshua McGee","University of Arkansas","786"
"Jeffrey Schamburg","United States Military Academy","696"
"Todd Hausman","Wright State University","1479"
"Sasanka Prabhala","Wright State University","1304"
"Charles Standridge","Grand Valley State University","216"
"Björn Johansson","Product and Production Development","144"
"Hyunbo Cho","POSTECH","603"
"Jayendran Venkateswaran","University of Arizona","674"
"Steve Buckley","IBM T.J. Watson Research Center","1396"
"Simaan Abourizk","University of Alberta","1348"
"Frederick Wieland","Aegis Technology Group","499"
"Lisa Schaefer","MITRE/CAASD","902"
"Bill Niedringhaus","MITRE/CAASD","142"
"Brendan Hogan","MITRE/CAASD","156"
"Justin Boesel","Aptima","806"
"Ernie Page","Mitre","464"
"Steve Reichenthal","Boeing","1400"
"Dean Chatfield","Virginia Tech","337"
"Kellie Keeling","Virginia Tech","829"
"Feng Yang","Northwestern University","489"
"Arda Kutlu","Northwestern University","97"
"Jeremy Staum","Northwestern University","709"
"Paul Glasserman","Columbia University","1115"
"Lawrence Goldman","Decisioneering, Inc.","873"
"Thenkurussi Kesavadas","State University of New York","1453"
"Ali Akgunduz","Concordia University","45"
"Sankar Jayaram","Washington State University","1302"
"Rogene Eichler West","Pacific Northwest National Laboratory","1249"
"Eleazer Martin","Key Solutions AS","423"
"Lev Virine","Schlumberger ","885"
"Oliver Rose","Dresden University of Technology","1081"
"Lars Moench","Technical University of Ilmenau","865"
"Michael Kuhl","Rochester Institute of Technology","1010"
"Theresa Roeder","U. of California, Berkeley","1457"
"David Ferrin","Business Prototyping","305"
"Philip Lyman","CRB Consulting Engineers","1149"
"Peter Bosch","Highpoint Software Systems","1134"
"Charles Siletti","Intelligen","215"
"Prasad Saraph","Bayer","1166"
"Catherine Harmonosky","Pennsylvania State University","192"
"Michael Freimer","Pennsylvania State University","1001"
"Scott Rosen","MITRE Corporation","1312"
"Elena Joshi","Pennsylvania State University","424"
"Osman Balci","Virginia Tech","1095"
"Charles McLean","National Institute of Standards and Technology","209"
"David Goldsman","Georgia Institute of Technology","310"
"Deborah Sadowski","Rockwell Software","348"
"Ernest Page","U.S. Army Model and Simulation Office","463"
"Brad Armstrong","Certain Teed","153"
"Jeff Hong","Hong Kong University of Science and Technology","682"
"Charles Macal","Argonne National Laboratory","206"
"Mike Freimer","Pennsylvania State University","1026"
"Hong Wan","Purdue University","595"
"David Roggenkamp","University of Detroit Mercy","327"
"Sujin Kim","Cornell University","1421"
"Demet Batur","Georgia Institute of Technology","352"
"Markus Klug","ARC Seibersdorf research GmbH","956"
"Hongmei Chi","Florida State University","597"
"Daniel Machado","Grupo de Produção Integrada COPPE/UFRJ","277"
"Wheyming Song","National Tsing Hua University","1526"
"James Wilson","NC State University","650"
"James Nutaro","Oak Ridge National Laboratory","643"
"Scott Schultz","Mercer University","1313"
"Tobias Kiesling","Universität der Bundeswehr München","1477"
"Ernie Page","The MITRE Corporation","468"
"Agostino Bruzzone","University of Genoa","30"
"Bruno Tuffin","IRISA-INRIA","172"
"Dave Nicol","University of Illinois","293"
"Sam Steckley","Cornell University","1289"
"Assaf Zeevi","Colombia University","109"
"Emily Lada","SAS Institute, Inc.","439"
"Raghu Pasupathy","Virgina Tech","1176"
"Talal Al-Khamis","Kuwait University","1442"
"Jamie Wieland","Purdue University","654"
"Sanjay Jain","The George Washington University","1298"
"K. White","University ofVirgina","814"
"Kevin Taaffe","Clemson University","840"
"Russell Wooten","TSA/DHS","1272"
"Paul Sanchez","Naval Post Graduate School","1123"
"Rainer Dronzek","Automation Associates, Inc.","1180"
"Gary Home","MITRE Corp","510"
"Brooke McNally","ASC/XR","164"
"Angela Dowling","ARA","87"
"Deborah Hileman","Air Force Material Command","346"
"John Gilmer","Wilkes University","749"
"Perkath Benjamin","Knowledge Based Systems Inc.","1132"
"Cary Peaden","Nasa Kennedy Space Control","186"
"Martin Steele","Nasa Kennedy Space Center","970"
"Phillip Meade","NASA Kennedy Space Center","1155"
"Guodong Shao","NIST","551"
"Kiran Mhajan","Hinz Nixdorf Institute","845"
"Durk-Jouke van der Zee","Universtiy of Groningen","389"
"Onur Ülgen","Production Modeling Corporation","1093"
"Jan Oscarsson","University of Skövde","657"
"Javier Faulin","Public University of Navarra","671"
"Simann AbouRizk","University of Alberta","1351"
"Ming Lu","Hong Kong Polytechnic University","1038"
"Gunnar Lucko","The Catholic University of America","549"
"Jerry Bilbrey, Jr.","Francis Mariaon University","714"
"Knud Wichmann","PA Consulting Group","853"
"Guilherme Vieira","Pontifical Catholic University of Parana","546"
"Roger Zhan","University of Florida","1253"
"Seog-Chan Oh","The Pennsylvania State University","1318"
"Richard Kilgore","SML Simulation Services","1219"
"Sugato Baghi","IBM T. J. Watson Research Center","1420"
"Michael Fu","Maryland","1003"
"Sam Ehrlichman","Cornell University","1287"
"Vineet Kamat","University of Michigan","1510"
"Kiran Mahajan","Univeristy of Paderborn","844"
"Justice Akpan","Lancaster University Management School","805"
"Scott Bury","The Dow Chemical Company","1307"
"Martin Miller","Business Prototyping Inc","968"
"David Ferrin","Business Prototyping Inc","306"
"Hamidreza Eskandari","University of Central Florida","558"
"Lianjun An","IBM Watson Research Center","891"
"Kristin Thoney","NC State University","855"
"Jon Marvel","Gettysburg College","765"
"Haiyan Xie","University of Arkansas at Little Rock","556"
"Lars Mönch","Technical University of Ilmenau","867"
"Olver Rose","Dresden University of Technology","1089"
"Stephen Roberts","NC State University","1388"
"Athula Wijewickrama","Nagoya University","112"
"Charlie Standridge","Grand Valley State University","218"
"Young-Jun Son","The University of Arizona","1566"
"Albert Jones","National Institute of Standards and Technology","36"
"Renzo Shamey","NC State University","1209"
"Nava Aizikowitz","IBM Haifa Research Lab","1061"
"Rick Wilson","Oklahoma State University","1227"
"Sam Jansen","University of Waikato","1288"
"Theresa Roeder","San Fransico State University","1456"
"Jeffrey Joines","NC State Univerisity","691"
"Stephen Hall","Bristol-Myers Squibb","1384"
"Robert Wright","International Sematech Manufacturing Initiative","1241"
"F. Armstrong","Certain Teed","481"
"Ben Martin","Sara Lee Intimates & Hosiery","133"
"Dave Starks","Rockwell Software","296"
"Colonel Michael McGinnis","West Point","253"
"Anand Ganti","Sandia National Laboratories","61"
"Jim Ashby","General Motors","723"
"Marlize Meyer","Sasol","961"
"Axel Lehmann","Universitaet der Bundeswehr Muenchen","118"
"Tobias Kiesling","International Computer Science Institute","1476"
"Tuba Aktaran-Kalayci","University at Buffalo","1500"
"Christos Alexopoulos","Georgia Tech","240"
"Kirk Benson","US Army","846"
"Dave Goldsman","Georgia Tech","291"
"Seong-Hee Kim","Georgia Tech","1321"
"Melike Meterelliyoz","Georgia Tech","995"
"Ray Popovic","Fannie Mae","1193"
"Laurel Travis","Virginia Tech","872"
"Raghu Pasupathy","Virginia Tech","1177"
"Soumyadip Ghosh","IBM T. J. Watson Research Center","1365"
"Wai Kin Chan","Rensselaer Polytechnic Institute","1515"
"Tuba Aktaran-Kalayci","University at Buffalo, SUNY","1501"
"Sujin Kim","Purdue University","1423"
"Roy Creasey, Jr.","Longwood University","1264"
"Jeff Joines","North Carolina State University","684"
"Stephen Roberts","North Carolina State University","1389"
"Russell Wooten","Department of Homeland Security","1271"
"Frank Fiedrich","The George Washington University","498"
"Yen-Chun Lin","National Taiwan University of Science and Technology","1553"
"Steve Buckley","IBM","1394"
"Jin Dong","IBM","725"
"Samuel Ehrlichman","Cornell University","1291"
"Jose Blanchet","Harvard University","774"
"David Morton","University of Texas at Austin","321"
"Stewart Robinson","Warwick Business School, UK","1415"
"Adelinde Uhrmacher","University of Rostock, Germany","24"
"Ralf Mayer","Mitre Corporation, USA","1182"
"Robert Sargent","Syacuse University, USA","1240"
"Cathal Heavey","University of Limerick, Ireland","189"
"Gabriel Wainer","Carleton University, Canada","505"
"Maria Hybinette","University of Georgia, USA","944"
"Mike Pidd","Lancaster University, UK","1032"
"Navonil Mustafee","Brunel Univesity, UK","1063"
"Stephen Turner","Nanyang Technological University, Singapore","1391"
"Carl Tropper","McGill University","180"
"Steffen Strassburger","Fraunhofer Institute for Factory Operation and Automation","1371"
"Boon Gan","Singapore Institute of Manufacturing Technology","149"
"Hassan Rajaei","Bowling Green State University","568"
"Ernie Page","Mitre Corporation","466"
"Kent Pickett","Mitre Corporation","836"
"Perakath Benjamin","KBSI","1129"
"Tim McKelvy","U.S. Army AMRDEC","1469"
"Emmet Beeker","Mitre Corporation","441"
"Gregory Tackett","U.S. Army RDECOM","541"
"Jayne Talbot","Raytheon Virtual Technology Corporation","676"
"Doug Parsons","U.S. Army PEO STRI","377"
"Nicolas Lowes","University of Texas at Austin","1070"
"Pamela Murry-Tuite","Virginia Tech","1101"
"Jorge Pica","Lockheed Martin","771"
"Pamela Murray-Tuite","Virginia Tech","1100"
"Daiheng Ni","University of Massachusetts","264"
"Lena Stromback","Linkoping University, Sweden","879"
"Helena Szczerbicka","University of Hannover, Germany","578"
"Marta Kwiatkowska","University of Birmingham, UK","962"
"Celine Kuttler","University of Trento Centre for Computional and Systems Biology, Italy","196"
"Irina Surovtsova","EML- Research GmbH, Germany","615"
"Hebert Sauro","Keck Graduate Institute, USA","570"
"Jennifer Bekki","Arizona State University","703"
"Gerald Weigert","Technische University Dresden","525"
"Gerald Mackulak","Arizona State University","521"
"Lars Mönch","University of Hagen","868"
"Daniel Quadt","Infineon Technologies AG","279"
"Leon McGinnis","Georgia Institute of Technology","880"
"José Montevechi","Universidade Federal de Itajubá, Brazil","775"
"Ed Williams","Production Modeling Corporation","401"
"Patricia Sholl","Lawrence Livermore National Laboratory","1104"
"Tom Ervolina","IBM Research","1485"
"Simaan Abou Rizk","University of Alberta","1347"
"Amin Hammad","Concordia University","52"
"Minghui Yang","Boeing","1042"
"Michelle Weigle","Old Dominion University","1024"
"Steven Gordon","Mitretek System","1408"
"Mohamed Abdulla","George Mason University","1043"
"Padma Mundur","University of Maryland, College Park","1099"
"Timothy Vaughn","University of Wisconsin - Eau Claire","1474"
"Joseph Hugan","V-Sim, Inc.","781"
"Guilherme Barbosa","PETROBRAS","545"
"Luca Capriotti","Credit Suisse Investment Banking Division","910"
"Doug Shannon","Northrop Grumman Mission Systems","378"
"Adam McNeely","Hormel Foods Corporation","17"
"Paul Badin","Mimeo.com","1109"
"Carley Jurishica","Rockwell Automation","181"
"Theresa Roeder","San Francisco State University","1455"
"Victor Chan","Rensselaer Polytechnic Institute","1509"
"Jeffrey Tew","General Motors","698"
"Nilay Argon","University of North Carolina","1072"
"Eric Wiesel","WernerAnderson","456"
"Jamie Embry","U.S. Coast Guard","652"
"Matt Duggan","Naval Surface Warfare Center","983"
"Mike Krause","U.S. Coast Guard","1030"
"Ed Walsh","MITRE","398"
"Lisa Moya","WernerAnderson","900"
"Jillian Malzone","U.S. Coast Guard","722"
"Carolyn Lynch","U.S. Coast Guard","184"
"Loo Hay Lee","National University of Singapore","904"
"E. Chen","BASF Corporation","392"
"Kathryn Hoad","University of Southampton","822"
"Stewart Robinson","University of Warwick","1413"
"Brian Lewis","Vanguard Software Corporation","161"
"Marcelo Zottolo","PMC","936"
"David Krahl","Imagine That Inc.","315"
"Sandy Owens","INFORMS","1293"
"Sandy Owens","Informs","1292"
"Larry Leemis","College of William and Mary","862"
"Simon Taylor","Victor Chan and Young-Jun Son","1355"
"John Carson II","","744"
"Hernan Awad","University of Miami","589"
"Tito Homem-de-Mello","Northwestern University","1475"
"Emily Lada","SAS Institute","437"
"Stephen Turner","Nanyang Technological University","1390"
"Joerg Mueller","Technical University of Braunschweig","739"
"Slavik Pavel","Czech Technical University in Prague","1359"
"Helmut Doleisch","VRVis Research Center","580"
"Hessam Sarjoughian","Arizona State University","591"
"Andreas Tolk","Old Dominion University","73"
"Paul Davis","RAND Corporation","1111"
"Levent Yilmaz","Auburn University","887"
"Scott Nestler","University of Maryland","1311"
"Kay Giesecke","Stanford University","827"
"Nan Chen","Chinese University of Hong Kong","1054"
"Stefan Weber","Cornell University","1369"
"Peter Lendermann","D-SIMLAB Technologies","1140"
"Perakath Benjamin","Knowledge Based Systems","1131"
"Marcus Fleckenstein","BMT Designers & Planners","939"
"Douglas Samuelson","InfoLogix","384"
"John Nestor","U.S. Transportation Security Administration","754"
"Russell Wooten","U.S. Department of Homeland Security","1273"
"Grisselle Centeno","University of South Florida","543"
"J.A. Hamilton, Jr.","Auburn University","626"
"Yan Gu","Georgia Institute of Technology","1547"
"Susan Heath","Naval Postgraduate School","1427"
"Alan Johnson","Air Force Institute of Technology","34"
"Robert Owor","Albany State University","1238"
"Stephen Hamilton","United States Military Academy","1385"
"Georgina Mellor","University of Southampton","518"
"Michael Pidd","Lancaster University","1013"
"Murat Gunal","Lancaster University","1049"
"Douglas Roberts","Research Triangle Institute","383"
"Georgiy Bobashev","Research Triangle Insitute","519"
"Hari Balasubramanian","Mayo Clinic","565"
"Charles McLean","National Insitute of Standards and Technology","208"
"Jun Duanmu","Clemson University","803"
"Gerald Evans","University of Louisville","520"
"S.T. Enns","University of Calgary","1277"
"Nirmal Govind","Intel Corporation","1077"
"Anders Skoogh","Chalmers University of Technology","64"
"Edward Williams","University of Michigan Dearborn","417"
"Toni Ruohonen","University of Jyvaskyla","1492"
"Christian Almeder","University of Vienna","228"
"William Sawaya","Cornell University","1534"
"Douglas Morrice","University of Texas","382"
"Reid Kress","National Nuclear Security Agency","1202"
"Janaka Ruwanpura","University of Calgary","659"
"Amlan Mukherjee","Michigan Technological University","56"
"Photios Ioannou","University of Michigan","1157"
"Ian Flood","University of Florida","604"
"Julio Martinez","Purdue University","799"
"Mohhamed Al-Hussein","University of Alberta","1045"
"D.J. Medeiros","The Pennsylvania State University","263"
"Richard Wysk","The Pennsylvania State University","1224"
"Stephen Buckley","IBM","1377"
"Eric Swenson","The Pennsylvania State University","454"
"Martin Fischer","Noblis","965"
"Daniel Finke","The Pennsylvania State University","273"
"Catherine Harmonosky","The Pennsylvania State University","193"
"Christopher Ligetti","The Pennsylvania State University","237"
"Earnest Foster","General Motors","396"
"Erin Murphy","3M Company","459"
"Gareth Coville","Jacobs Consultancy","508"
"Anette Van der Merwe","Sasol Technology","84"
"Radhesh Nair","PA Consulting Group","1174"
"Sharif Melouk","University of Alabama","1329"
"Robert Hasbrouck","Christopher Newport","1233"
"Jeremy Jordan","Air Force Research Laboratory","707"
"Emily Evans","Naval Surface Warfare Center","432"
"Marc Perry","University of Alabama","933"
"Roy Creasey","Longwood","1263"
"Young Son","University of Arizona","1565"
"Young Jun-Son","University of Arizona","1561"
"K. White","University of Virginia","813"
"Levent Yilmaz","Auburn","886"
"Paul Sanchez","NPS","1125"
"Pirooz Vakili","Boston University","1164"
"Jack Chen","BASF Corporation","629"
"Pierre L'Ecuyer","DIRO, Université de Montréal","1158"
"Feng Yang","West Virginia University","490"
"Stewart Robinson","The University of Warwick","1412"
"Jose Blanchet","Columbia University","773"
"Ming-hua Hsieh","National Chengchi University","1041"
"Soumyadip Ghosh","IBM TJ Watson Research Center","1366"
"Xianzhe Chen","North Dakota State University","1543"
"Jan Himmelspach","University of Rostock","655"
"Jeff Smith","Auburn University","685"
"Peter Lendermann","D-SIMLAB Technologies Pte. Ltd","1141"
"Durk-Jouke Zee","University of Groningen","390"
"Olivier Dalle","Université de Nice","1087"
"Kathy Kotiadis","University of Warwick","823"
"Stephen Onggo","Lancaster University","1387"
"Steffen Strassburger","Technical University of Ilmenau","1372"
"Boon Gan","D-SIMLAB Technologies Pte Ltd","148"
"Lisa Fitzgerald","NOVA Technologies","899"
"Kenneth Hopkinson","Air Force Institute of Technology","834"
"Muaz Niazi","Foundation University","1047"
"Trevor Spedding","University of Wollongong","1499"
"Jairo Montoya-Torres","Universidad de La Sabana","634"
"Andrea Matta","Politecnico di Milano","69"
"Jesus Jimenez","Texas State University","717"
"Gary Horne","Naval Postgraduate School","511"
"Ron Giachetti","Florida International University","1256"
"Mark Lawley","Purdue University","953"
"Julie Ivy","North Carolina State University","797"
"Todd Huschka","Mayo Clinic","1481"
"Evelyn Brown","East Carolina University","479"
"Sallie Brailsford","University of Southampton","1282"
"Guodong Shao","National Institute of Standards and Technology","550"
"Ander Skoogh","Chalmers University of Technology","63"
"Salla Lind","VTT, Technical Research Centre of Finland","1281"
"Matias Urenda Moris","University of Skövde","982"
"Deogratias Kibira","National Institute of Standards and Technology","363"
"Mark Aufenange","University of Paderborn","946"
"Toni Ruohonen","University of Jyväskylä","1493"
"Anshul Sheopuri","IBM T J Watson Research Center","92"
"Jin Dong","IBM China Research Laboratory","726"
"Arnold Greenland","IBM","103"
"Juhani Heilala","VTT, Technical Research Centre of Finland","793"
"Marcus Andersson","University of Skövde","938"
"Gerald Weigert","Dresden University of Technology","524"
"Horst Zisgen","IBM Deutschland","598"
"Reha Uzsoy","North Carolina State University","1201"
"Julie Christopher","IBM Microelectronics","795"
"Jens Zimmerman","University of Hagen","705"
"Stéphane Dauzère-Pérès","Ecole des Mines de Saint-Etienne","1376"
"Chen-Fu Chien","National Tsing Hua University","220"
"Kristin Rust","Advanced Micro Devices","854"
"Yi-Nung Yang","Chung Yuan Christian University","1554"
"Ken Fordyce","IBM","832"
"Tae-Eog Lee","KAIST","1440"
"Shi-Shang Jang","National Tsing-Hua University","1336"
"Amlan Mukherjee","Michigan Tech","55"
"Ali Yazdi","North Carolina State University","48"
"Young Lee","IBM T.J. Watson Research Center","1564"
"Malak Al-Nory","George Mason University","921"
"Csaba Boer","TBA B.V.","257"
"Sanjiv Shresta","The MITRE Corporation","1301"
"Salvatore Cannella","University of Palermo","1285"
"Loo Lee","National University of Singapore","906"
"Ralf Sprenger","University of Hagen","1183"
"Sugato Bagchi","IBM Research","1419"
"Rachel Johnson","Arizona State University","1171"
"Cathal Heavey","University of Limerick","188"
"Feargal Timon","CIM Ireland Ltd","486"
"Paul Babin","Mimeo.com","1108"
"Roberto Lu","The Boeing Company","1245"
"Colin Eustace","Maunsell AECOM","252"
"Paul Young","Dublin City University","1126"
"Soumyadip Ghosh","IBM","1364"
"Ann Dunkin","Palo Alto Unified School District","91"
"Ricki Ingalls","Oklahoma State University","1230"
"Ali Tafazzoli","North Carolina State University","47"
"Desiree Tejada","Florida International University","364"
"Heriberto García-Reyes","Tecnologico de Monterrey","588"
"Renata Konrad","Worcester Polytechnic Institute","1205"
"Sujin Kim","National University of Singapore","1422"
"Larry Leemis","The College of William and Mary","863"
"Lisa Bair","WernerAnderson, Inc.","898"
"Yiannis Papelis","Old Dominion University","1555"
"Eric Weisel","WernerAnderson, Inc.","455"
"Edd Bitinas","Northrop Grumman Mission Systems","403"
"Craig Rosenberg","Craig Rosenberg Consulting","256"
"J. Kincaid","University of Central Florida","622"
"Jeff Hong","The Hong Kong University of Science and Technology","683"
"Min-Hua Hsieh","National Chengchi University","1036"
"David Morton","The University of Texas at Austin","320"
"Steve Chick","INSEAD","1398"
"Kim Sujin","National University of Singapore","843"
"Szu Ng","National University of Singapore","1438"
"Jamie Weiland","Illinois State University","653"
"Steve Turner","Nanyang Technological University","1403"
"Celine Kuttler","University of Lille","195"
"Peter Kemper","College of William and Mary","1139"
"Danny Weyns","Katholieke Universiteit Leuven","282"
"Jason Liu","Florida International University","667"
"Werner Sandmann","Technical University of Clausthal","1525"
"Chris Carothers","Rensselaer Polytechnic Institute","223"
"Enlu Zhou","University of Illinois at Urbana-Champaign","444"
"Maria Hybinette","University of Georgia","943"
"Reginald Ford","Stanford Research Institute","1200"
"Volker Wohlgemuth","HTW Berlin","1512"
"Andreas Möller","Leuphana University Lüneburg","71"
"Bernd Page","University of Hamburg","135"
"Dennis Müller","TU Dortmund","362"
"Emmanuel Fernandez","University of Cincinnati","440"
"Oliver Rose","Technical University Dresden","1082"
"Brittany Bogle","University of Arkansas","163"
"Darryl Ahner","United States Military Academy","287"
"Kirk Stork","Zenuvo, LLC","847"
"Eugene Paulo","Naval Postgraduate School","474"
"Sally Brailsford","University of Southampton","1283"
"Adrian Ramirez","Arizona State University","25"
"Hari Balasubramanian","University of Massachusetts Amherst","566"
"Ozgur Araz","Arizona State University","1096"
"Steve Roberts","North Carolina State University","1401"
"Dionne Aleman","University of Toronto","368"
"David Ferrin","FDI-Simulation","307"
"Reidar Hagtvedt","University of Alberta","1203"
"Banu Ekren","University of Louisville","127"
"Ahad Ali","Lawrence Tech University","32"
"Li Sun","University of Louisville","890"
"Edward Williams","Production Modeling Corp.","414"
"Aldo McLean","University of Louisville","37"
"Robert Wright","International SEMATECH Manufacturing Initiative","1242"
"Deniz Ozdemir","Universidad Autonoma de Nuevo Leon","360"
"Rafael Gutierrez","The University of Texas at El Paso","1175"
"Amanda Schmitt","MIT Center for Transportation and Logistics","50"
"Tongdan Jin","Texas State University-San Marcos","1491"
"Sunderesh Heragu","University of Louisville","1425"
"Clark Cheng","Norfolk Southern Corporation","245"
"Gunnar Lucko","Catholic University of America","548"
"SangHyun Lee","University of Alberta","1294"
"Raymond Issa","University of Florida","1197"
"John Taylor","Columbia University","760"
"Jin-Lee Kim","California State University, Long Beach","729"
"Sanjay Jain","George Washington University","1297"
"David Nicol","University of Illinois","324"
"Arnold Greenland","IBM Global Business Solution","104"
"Wei Wang","IBM China Research Laboratory","1521"
"E. Jack Chen","BASF Corp.","394"
"Gregory Zacharevicz","University of Bordeaux","542"
"Benny Tjahjono","Cranfield University","134"
"Mary Thompson","KAIST, Korea","976"
"SoonMin Ko","Columbia University","1362"
"Muer Yang","University of Cincinnati","1048"
"Lukas Kroc","Cornell University","915"
"Ed Williams","PMC","400"
"Darrell Starks","Rockwell Automation","285"
"Cecilia Temponi","Texas State University - San Marcos","194"
"Ximena McKenna","Flextronics","1546"
"Karthik Ayodhiramanujan","TransSolutions, LLC","820"
"Joseph Hugan","Forward Vision","780"
"Canan Gunes","Carnegie Mellon University","177"
"Joaquin Beltran","Evedis Conseil","733"
"Arun Chockalingam","Purdue University","107"
"Roberto Lu","Boeing / University of Washington","1244"
"Shuguang Song","The Boeing Company","1341"
"Kevin M Taaffe","Clemson University","839"
"Young Hoon Kwak","The George Washington University","1558"
"Bikram Sharda","The Dow Chemical Company","139"
"Theodore Allen","The Ohio State University","1454"
"Navonil Mustafee","Swansea University","1064"
"Hazhir Rahmandad","Virginia Tech","569"
"DJ Van der Zee","University of Groningen","370"
"Jasna Kuljis","Brunel University","665"
"Jane L. Snowdon","IBM TJ Watson Research Center","660"
"Drew Hamilton","Auburn University","385"
"John Sokolowski","Old Dominion University","758"
"Jayne Talbot","Raytheon Company","675"
"Michael Overstreet","Old Dominion University","1012"
"Ernie Page","MITRE Corporation","467"
"Ming Liu","Northwestern University","1037"
"Wilson James","North Carolina State University","1537"
"Nilay Tanik Argon","University of North Carolina at Chapel Hill","1075"
"Eunji Lim","University of Miami","477"
"Demet Batur","University of Nebraska Lincoln","353"
"Shane G Henderson","Cornell University","1323"
"Rachel Johnson","Naval Postgraduate School","1172"
"J.O. Miller","Air Force Institute of Technology/ENS","628"
"Tim Trainor","United States Military Academy","1470"
"Emily Evans","Navy Surface Warfare Center","433"
"Dan Davis","Northrop Grumman Corporation","266"
"Mark Ristow","Northrop Grumman Corporation","954"
"Sean Gahagan","Northrop Grumman Corporation","1316"
"Chris Tupino","Northrop Grumman Corporation","225"
"Matt Hobson-Rohrer","Demo3D","984"
"Edward Williams","PMC","412"
"Karthik Vasudevan","Production Modeling Corporation","821"
"Demet Wood","GM","356"
"Nurcin Celik","University of Miami","1079"
"Tom Sandeman","TSG Consulting","1488"
"Pawel Pawlewski","Poznan University of Technology","1127"
"Srinagesh Gavirneni","Cornell University","1367"
"Hamidreza Hamidreza Eskandari","Tarbiat Modares University","559"
"Eelco van Asperen","Erasmus University Rotterdam","419"
"Manuel D. Rossetti","University of Arkansas","929"
"Chandandeep Singh Grewal","University of Calgary","199"
"Mamadou Seck","TU Delft","923"
"Huseyin Topaloglu","Cornell University","602"
"Murat Gunal","Turkish Naval Academy","1050"
"Steve Roberts","Noth Carolina State University","1402"
"Sheldon H. Jacobson","University of Illinois","1330"
"David Ferrin","Northern Lights Systems Navigation","309"
"Sada Soorapanth","San Francisco State University","1278"
"Terry Young","Brunel University","1451"
"Lars Moench","University of Hagen","866"
"James P. Ignizio","University of Texas - Pan American","644"
"Hans Ehm","Infineon Technologies AG","561"
"Jianqiang Hu","Fudan University","718"
"Nan Chen","The Chinese University of Hong Kong","1055"
"Guangwu Liu","City University of Hong Kong","544"
"Angel A. Juan","Open University of Catalonia","86"
"Brian Cloteaux","National Institute of Standards and Technology","159"
"Stephan Eidenbenz","Los Alamos National Laboratory","1374"
"Parijat Dube","IBM","1103"
"Carol Menassa","University of Wisconsin-Madison","183"
"Yasser Mohammed","University of Alberta","1552"
"Jin-Lee Kim","California State University Long Beach","728"
"Mohamed Al-Hussein","University of Alberta","1044"
"Kunhee Choi","Texas A&M University","856"
"Archis Ghate","University of Washington","96"
"Daniel Huber","Heinz Nixdorf Institut","274"
"Young Lee","IBM Research","1563"
"Ching Hua Chen-Ritzo","IBM","222"
"Margaret Loper","Georgia Tech Research Institute","941"
"Ali Tafazzoli","Metron Aviation","46"
"Stephen Wendel","HelloWallet","1393"
"Martin Miller","Northern Lights, Inc.","969"
"Charles Minard","Wyle Integrated Science and Engineering","211"
"Maximiliano Giunta","Universidad Catolica Andres Bello","991"
"Karthik Ayodhiramanujan","Transsolutions","819"
"Michael Fu","National Science Foundation","1004"
"Bruno Tuffin","INRIA","171"
"Dashi Singham","Naval Postgraduate School","289"
"Deb Medeiros","Pennsylvania State University","342"
"Chris J. Kuhlman","Virginia Tech","224"
"Lin Padgham","RMIT University","892"
"Mehdi Mekni","INRS-ETE","993"
"Michael R. Taaffe","Virginia Tech","1016"
"Zdravko Botev","University of Montreal","1571"
"Stewart Robinson","Warwick Business School","1414"
"Bryan W. Pearce","Clemson University","173"
"David Buxton","DSE Consulting","299"
"Stefan Rybacki","University of Rostock","1368"
"John Januszczak","Meta Software Corporation","751"
"Geoffrey Hook","Lanner","515"
"Jason E. Petrinowitsch","Honda of America Mfg","666"
"Dayana Cope","Eastman Chemical Company","335"
"Esra Aleisa","Kuwait University","472"
"Bahaa NADER","University of Corsica, France","121"
"Volker Wohlgemuth","Studiengang Betriebliche Umweltinformatik","1513"
"Martin J. Miller","Capability Modeling","967"
"Adrian Ramirez Nafarrate","Arizona State Univ","26"
"Adam Ng","NUS","18"
"Yang Sun","California State University, Sacramento","1549"
"Shao-Jen Weng","Tunghai University","1328"
"Shikha Singh","North Carolina State University","1338"
"Iuri Sas","North Carolina State University","618"
"Raha Akhavan-Tabatabaei","UniAndes","1178"
"Sean Carr","North Carolina State University","1314"
"Bruce Ankenman","Northwestern University","165"
"Gary Tan","NUS","513"
"Alexander Klaas","Heinz Nixdorf Institute, University of Paderborn","41"
"Klaus Altendorfer","Upper Austrian University of applied science","849"
"Rick van Krevelen","Delft University of Technology","1226"
"Jared L. Gearhart","Sandia National Laboratories","664"
"Elizabeth Wilson","The MITRE Corporation","426"
"James R. Morrison","KAIST","645"
"Oliver Rose","University of the Federal Armed Forces Munich","1085"
"Stephane Dauzère-Pérès","Ecole des Mines de Saint-Etienne","1375"
"Jesus A. Jimenez","Texas State University-San Marcos","716"
"Claude Yugma","Ecole des Mines de Saint Etienne","246"
"Jonathan D. Fournier","CCAT","768"
"Naoko Akiya","The Dow Chemical Company","1057"
"Scott J. Bury","The Dow Chemical Company","1308"
"Linus Lundh","Good Solutions AB","896"
"Daniel Huber","University of Paderborn","275"
"Scott Nestler","Naval Postgraduate School","1310"
"Rachel Johnson","NPS","1173"
"Paul Kucik","USMA","1118"
"Andrew Hall","The Joint Staff","79"
"Emily Evans","NSWC PCD","434"
"Emmet Beeker","The MITRE Corporation","442"
"Kalyan Perumalla","Oak Ridge National Laboratory","815"
"Joseph Barjis","Delft University of Technology","777"
"Charles M. Macal","Argonne National Laboratory","205"
"Mengran Xue","Washington State University","996"
"Denise Masi","Noblis","359"
"Zohar Feldman","IBM Research","1573"
"Marco Cremonini","University of Milan","937"
"Svetlana Olbina","University of Florida","1435"
"Ravi Srinivasan","University of Florida","1191"
"Adel Francis","ÉTS","21"
"Jeong H. Woo","Milwaukee Sch of Engineering","706"
"SangHyun Lee","University of Michigan","1295"
"Beth Kulick","TranSystems","137"
"Yunpeng Sun","Northwestern University","1570"
"Jingchen Liu","Columbia University","730"
"William W. Franklin","Capital One","1536"
"Wee-Leong Lee","Singapore Management University","1520"
"Katy Hoad","University of Warwick","825"
"Priscilla Elfrey","NASA","1168"
"Ilya O. Ryzhov","Princeton University","609"
"Ivo Couckuyt","Ghent University","619"
"Peter Frazier","Cornell University","1136"
"Jie Xu","George Mason University","720"
"Alp Akcay","Carnegie Mellon University","49"
"Susan R. Hunter","Cornell University","1429"
"Thomas J. Schriber","University of Michigan","1459"
"Chuljin Park","Georgia Tech","242"
"Rouba Ibrahim","University College London","1262"
"Peter Glynn","Stanford University","1137"
"Marvin K. Nakayama","New Jersey Institute of Technology","972"
"Mike Giles","Oxford University","1029"
"Christian P. Robert","Université Paris Dauphine","230"
"Demet Batur","University of Nebraska-Lincoln","354"
"Navonil Mustafee","University of Exeter","1065"
"Adrian Ramirez Nafarrate","ITAM","28"
"Todd Huschka","Mayo","1480"
"Xiaolan Xie","Ecole Nationale Superieure des Mines de Saint-Etienne, France","1544"
"Paul Ormerod","Volterra, London","1121"
"Petra Ahrweiler","University of Dublin","1145"
"Armando Geller","Scensei","100"
"Flaminio Squazzoni","University of Brescia","494"
"Bridget Rosewell","Volterra, London","162"
"Christian Koch","Ruhr-University Bochum","229"
"André Borrmann","Technische Universität München","66"
"Markus König","Ruhr-University Bochum","958"
"Timo Hartmann","University of Twente","1471"
"Holger Pitsch","INCONTROL Simulation Solutions","594"
"Christoph Laroque","University of Paderborn","233"
"Dirk Steinhauer","Flensburger Schiffbau-Gesellschaft mbH & Co. KG","369"
"Lothar März","LOM Innovation GmbH - Lindau","907"
"Mathias Bös","SDZ GmbH","980"
"Steffen Strassburger","TU Ilmenau, Germany","1373"
"Thomas Schulze","Otto-von-Guericke-University Magdeburg","1464"
"Ulrich Jessen","University of Kassel, Germany","1506"
"Huaiyu Liu","Intel","599"
"Heide Lukosch","Delft University of Technology","571"
"Dennis Maciuszek","University of Rostock","361"
"Richard Fujimoto","Georgia Tech","1217"
"Stephen John Turner","Nanyang Technological University","1386"
"Jochen Wittmann","HTW Berlin","734"
"Michael Sonnenschein","OFFIS - Institute for Information Technology","1019"
"Jan Volkholz","Potsdam Institute for Climate Impact Research","658"
"Markus Vorderwinkler","Profactor GmbH","960"
"Rienk Bijlsma","Systems Navigator","1231"
"Helena Szczerbicka","Leibniz University of Hannover","575"
"Roland Ewald","University of Rostock","1254"
"","Globalfoundries","3"
"Oliver Rose","University of the Bundeswehr Munich","1084"
"Guy Curry","Texas A&M University","552"
"Andreas Klemmt","Infineon Technologies AG","70"
"Gerald Weigert","TUD/IAVT","526"
"Argon Chen","National Taiwan University","98"
"Axel Lehmann","Universität der Bundeswehr München","119"
"Francis A. Bowers","MITRE","495"
"Marko Hofmann","ITIS University Bw Munich","955"
"Andreas Tolk","SimIS Inc.","75"
"John Tufarolo","Pragmeering","762"
"Mathias John","University of Lille","981"
"Justyna Zander","MathWorks, Gdansk University of Technology","809"
"Wentong Cai","Nanyang Technological University","1524"
"Andrea D'Ambrogio","University of Roma TorVergata","67"
"Fernando Barros","University of Coimbra, Portugal","491"
"Qi Liu","IBM T. J. Watson Research Center","1169"
"L. Felipe Perrone","Bucknell University","859"
"Sven Spieckermann","SimPlan AG","1434"
"Markus Rabe","TU Dortmund","959"
"Gert Zülch","KIT)","528"
"Andrea Emilio Rizzoli","IDSIA","68"
"Uwe Clausen","TU Dortmund University","1508"
"Angel A. Juan","IN3-Open University of Catalonia","85"
"Bjorn Johansson","Chalmers University of Technology","143"
"Peter Haas","IBM Almaden Research Center","1138"
"Hiroshi Matsuno","Yamaguchi University, Japan","593"
"Monika Heiner","Brandenburg University of Technology Cottbug","1046"
"Nurcin Celik","The University of Miami","1078"
"Orianne Mazemondet","Humboldt University Berlin","1094"
"Claudia Szabo","University of Adelaide","249"
"Stewart Robinson","Loughborough University","1411"
"Markus Klug","University of Applied Sciences Technikum Wien","957"
"Barry Lawson","University of Richmond","131"
"Peter Buchholz","TU Dortmund University","1135"
"Olivier Dalle","UNIVERSITE NICE-SOPHIA ANTIPOLIS","1088"
"Ilya Ryzhov","University of Maryland","610"
"Jeffrey Herrmann","University of Maryland","690"
"Guzin Bayraksan","The Ohio State University","553"
"James Brooks","Rensselaer Polytechnic Institute","636"
"Wim van Beers","University of Amsterdam","1538"
"Laura Reid","Simul8 Corporation","870"
"Ozgur Ozmen","ORNL)","1097"
"Erdal Cayirci","NATO","449"
"Carl Parson","Air Force Institute of Technology","179"
"Szu Hui Ng","National University of Singapore","1437"
"Xi Chen","Virginia Commonwealth University","1541"
"Abhijit Gosavi","Missouri University of Science and Technology","15"
"Xiaowei Zhang","Hong Kong University of Science and Technology","1545"
"Jiaqiao Hu","State University of New York at Stony Brook","719"
"Honggang Wang","Rutgers University","596"
"Damien Jacquemart-Tomi","ONERA, the French Aerospace Lab","265"
"Huashuai Qu","University of Maryland, College Park","600"
"Saurabh Mittal","Dunip Technologies","1306"
"Ross Gore","University of Virginia","1261"
"Charles Turnitsa","Columbus State University","217"
"Gerd Wagner","Brandenburg University of Technology","527"
"Nicholson Collier","Argonne National Laboratory","1069"
"Madhav Marathe","Virginia Tech","917"
"Michael J. North","Argonne National Laboratory","1008"
"Ignacio J. Martinez-Moyano","Argonne National Laboratory","607"
"Greg Madey","University of Notre Dame","537"
"Robert R. McCune","University of Notre Dame","1239"
"Jonathan Ozik","Argonne National Laboratory","769"
"Ugo Merlone","University of Torino","1504"
"Wayne P. Zandbergen","George Mason University","1519"
"Andrew Crooks","George Mason University","77"
"Maciej M. Latek","Scensei","916"
"Elliot Wolf","Syngenta","427"
"Christine Currie","University of Southampton","231"
"Anthony P. Waller","Lanner Group","93"
"Jon Andersson","Chalmers University of Technology","764"
"Jonatan Berglund","Chalmers University of Technology","767"
"Andi H. Widok","HTW Berlin","65"
"Duck Bong Kim","NIST","387"
"Elmar Kiesling","Vienna University of Technology","428"
"Lonnie Turpin","McNeese State University","903"
"Ricki G. Ingalls","Oklahoma State University","1229"
"Chao Meng","The University of Arizona","202"
"Patrick Einzinger","dwh Simulation Services","1106"
"Adrian Ramirez Nafarrate","Instituto Tecnologico Autonomo de Mexico","27"
"Eduardo Perez","Texas State University","406"
"Gokce Akin Aras","North Carolina State University","533"
"Javad Taheri","North Carolina State University","670"
"Ola Batarseh","University of Central Florida","1080"
"Sanjay Mehrotra","Northwestern University","1300"
"Philip M. Troy","Les Entreprises TroyWare","1150"
"Edward Williams","University of Michigan - Dearborn","416"
"Ina Goedicke","TU Dortmund University","611"
"Darryl Ahner","Air Force Institute of Technology","286"
"René Séguin","Defence Research Development Canada","1207"
"Douglas Hodson","AFIT/ENG","380"
"Drew Hamilton","Mississippi State University","386"
"Amir Behzadan","University of Central Florida","53"
"Changbum Ahn","U of Nebraska, Lincoln","200"
"Yasser Mohamed","University of Alberta","1551"
"Ming Lu","University of Alberta","1039"
"Pingbo Tang","Arizona State University","1163"
"Tarek Zayed","Concordia University","1444"
"Eric Ervin","J.B. Hunt Transport, Inc.","450"
"Shigeki Umeda","Musashi University","1337"
"Erik Lindskog","Chalmers University of Technology","458"
"Israel Tirkel","Ben-Gurion University","617"
"Claude Yugma","Ecole des Mines de Saint Etienne Centre Microélectronique de Provence - Site Georges Charpak","247"
"Kenneth Fordyce","Arkieva","833"
"Brian L. Heath","Cardinal Health","160"
"Tiffany Harper","Cardinal Health","1467"
"Amy K. Pitts","The George Washington University","59"
"Emily Lada","SAS","436"
"Esfandyar Mazhari","FedEx Services Corporation","470"
"Si Zhang","Industrial and Systems Engineering, National University of Singapore","1342"
"Sean Carr","RTI","1315"
"Raymond L. Smith","North Carolina State University","1198"
"Kavitha Lakshmanan","Eastman Chemical Company","826"
"David Cornejo","North Carolina State University","302"
"Eunhye Song","Northwestern University","476"
"Kelly Bates","North Carolina State University","830"
"Phillip Dickens","University of Maine","1153"
"Philip Wilsey","University of Cincinnati","1151"
"Andreas Tolk","SimIS Inc","74"
"Josh McDonald","Georgia Institute of Technology","784"
"Ashkan Negahban","Auburn University","108"
"Kemal Dinçer Dingeç","Bogazici University","831"
"Abdullah Alabdulkarim","Majmaah University","13"
"Wolfgang Hörmann","Bogazici University","1539"
"Enlu Zhou","Georgia Institute of Technology","443"
"Maira Athanazio de Cerqueira Gatti","IBM Research - Brazil","920"
"Toyotaro Suzumura","Tokyo Institute of Technology","1497"
"Nathaniel Osgood","University of Saskatchewan","1060"
"Aurora J. Bristor","University of Maryland","113"
"Toyotaro Suzumura","Tokyo Institute of Technology / IBM Research","1498"
"Changrui Ren","IBM Research - China","201"
"Arnold Greenland","Robert H. Smith School of Business at University of Maryland","105"
"Emily Craparo","Naval Postgraduate School","431"
"Karen Hicklin","North Carolina State University","817"
"David Claudio","Montana State University","300"
"Maria Mayorga","North Carolina State University","945"
"Joseph Heim","University of Washington","779"
"Thomas P. Roh","Mayo Clinic","1462"
"Gina Dumkrieger","Arizona State University","530"
"Yan Li","Purdue University","1548"
"Karim Ghanes","Ecole Centrale Paris","818"
"Raha Akhavan-Tabatabaei","Universidad de los Andes","1179"
"Edgar C. Portante","Argonne National Laboratory","404"
"Anastasia Anagnostou","Brunel University","62"
"Joe Viana","University of Southampton","738"
"Bhakti Satyabudhi Stephan Onggo","Lancaster University","138"
"Ek Peng Chew","National University of Singapore","421"
"Suman Niranjan","Savannah State University","1424"
"Carlos Alberto Mendez","UNL-CONICET)","182"
"Jeffrey Tew","Tata Consultancy Services","699"
"Kyle Cooper","Tata Consultancy Services","858"
"Javier Faulin","Public University of Navarre","672"
"Uwe Clausen","Fraunhofer Institute","1507"
"Edward Williams","PMC Corporation","413"
"Jan Kaffka","TU Dortmund","656"
"Klaus Altendorfer","Upper Austrian University of Applied Science","850"
"Maheshwaran Gopalakrishnan","Chalmers University of Technology","919"
"Christoph Laroque","University of Applied Sciences Zwickau","232"
"Michael Hassoun","Ariel University","1006"
"Kan Wu","Nanyang Technological University","816"
"Claude Yugma","Ecole des Mines de Saint-Etienne","248"
"Adar Kalir","Intel Corporation","19"
"Juergen Pilz","Alpen-Adria-Universität Klagenfurt","789"
"","Liberty University","6"
"Young Jae Jang","KAIST","1559"
"Jei-Zheng Wu","Soochow University, Taiwan","701"
"PJ Byrne","Dublin City University","1165"
"Daniel Leonard","Productivity Apex, Inc.","276"
"Paul Fishwick","University of Texas at Dallas","1114"
"Adelinde M. Uhrmacher","University of Rostock","22"
"Luis Rabello","University of Central Florida","912"
"Sojung Kim","University of Arizona","1361"
"Nils Aschenbruck","University of Osnabruck","1076"
"Ravi S. Srinivasan","University of Florida","1190"
"Caryssa Joustra","University of South Florida","187"
"Duzgun Agdas","Queensland University of Technology","391"
"Gregory A. Silver","Anderson University","538"
"Quentin Bragard","UCD","1170"
"Yibo Ji","National University of Singapore","1556"
"Susan R. Hunter","Purdue University","1430"
"Martijn Mes","University of Twente","964"
"Mamadou Seck","Old Dominion University","922"
"Esfand Mazhari","FedEx Services Corporation","469"
"James R. Thompson","MITRE Corporation","646"
"Xi Chen","Virginia Tech","1542"
"Emily Lada","SAS Institute Inc.","438"
"Katie Prochaska","Simio LLC","824"
"David T. Sturrock","Simio LLC","332"
"Martin Franklin","MOSIMTEC, LLC","966"
"Renee M. Thiesing","Simio LLC","1208"
"Adam Graunke","Boeing Company","16"
"Bailey C. Kluczny","Strongside Technologies Inc","125"
"Matthew Hobson-Rohrer","Diamond Head Associates","987"
"Parastu Kasaie","Johns Hopkins University","1102"
"Amirreza M. Khaleghi","Yale School of Public Health","54"
"Andreas Tolk","MITRE Corporation","72"
"Alejandro Teran-Somohano","Auburn University","38"
"Il Chul Moon","Korea Advanced Institute of Science and Technology","608"
"Henry Lam","University of Michigan","584"
"Canan Gunes Corlu","Bilkent University","178"
"Bruce Schmeiser","National Central University","167"
"Wei Xie","Rensselaer Polytechnic Institute","1522"
"Toyotaro Suzumura","IBM Research / University College Dublin","1496"
"Masatoshi Hanai","Tokyo Institute of Technology","977"
"Kurt Kreuger","University of Saskatchewan","857"
"Peer-Olaf Siebers","Nottingham University","1128"
"Peter Tag","Imagine That Inc.","1144"
"Melanie Barker","Rockwell Automation","994"
"David Sturrock","SIMIO","330"
"Rene Reiter","AnyLogic","1206"
"Glen Wirth","Simio LLC","531"
"Robert Kranz","Rockwell Automation","1234"
"Sudhendu Rai","Xerox Corporation","1418"
"Leonardo Chwif","Escola de Engenharia Mauá","882"
"Jeffrey Drago","Honeywell","689"
"José Arnaldo Barra Montevechi","Universidade Federal de Itajubá","772"
"David L. Morgareidge","Page","317"
"Elvis Liu","University College Dublin","430"
"Thomas Monks","University of Southampton","1461"
"Julie Eatock","Brunel University","796"
"Masoud Fakhimi","Brunel University","978"
"Dashi I. Singham","Naval Postgraduate School","288"
"Jaeyoung Cho","University of Houston","632"
"John Crowe","Dublin Institute of Technology","747"
"David Munoz","The Pennsylvania State University","323"
"Junhai Cao","Beijing Technology and Business University","804"
"Jean Wery","Universite Laval","679"
"Henri Tokola","Aalto University","581"
"Ketki Kulkarni","Indian Institute of Technology Bombay","837"
"Esmeralda Niño Pérez","University of Puerto Rico, Mayaguez Campus","471"
"Soeren Bergmann","TU Ilmenau","1360"
"Todd Combs","Argonne National Laboratory","1478"
"Evan VanderZee","Argonne National Laboratory","478"
"Michael E. Watson","Air Force Institute of Technology","998"
"Matthew Berry","Argonne National Laboratory","986"
"Timothy H. Chung","Naval Postgraduate School","1472"
"J.O. Miller","Air Force Institute of Technology","627"
"Paul Davis","RAND Corp.","1110"
"Saikou Diallo","Virginia Modeling, Analysis and Simulation Center","1280"
"Andrew Collins","Old Dominion University","76"
"Ton G. de Kok","Eindhoven University of Technology","1490"
"Thomas Ponsignon","Infineon Technologies AG","1463"
"Shivraj Kanungo","George Washington University","1340"
"Nandu Santhi","Los Alamos National Laboratory","1056"
"Rick Wysk","North Carolina State Univ.","1228"
"Jens Weber","Heinz Nixdorf Institute","704"
"Reza Akhavian","California State University East Bay","1210"
"Michael Werner","University of Alberta","1021"
"Burcin Bercerik-Gerber","University of Southern California","174"
"Amos Ng","University of Skövde","57"
"Zelda Zabinsky","University of Washington","1572"
"Juergen Branke","Warwick Business School","788"
"Siyang Gao","City University of Hong Kong","1358"
"Uday Shanbhag","Penn State University","1503"
"Claudio Cioffi","George Mason University","250"
"Shingo Takahashi","Waseda University","1339"
"Takao Terano","Tokyo Institute of Technology","1441"
"Stephen C. Davies","University of Mary Washington","1378"
